"ID","Group","Scope","Name","Requirement","Example"
"GEN-RUL-001","Naming Convention","ALL","Snake Case Default","All names (domains, tables, columns) must use snake_case by default. All names are generated in snake_case first, then converted to the user-selected casing convention (PascalCase, camelCase, SCREAMING_CASE).","'customer_order_date' is correct. 'CustomerOrderDate' or 'customer-order-date' are not valid."
"GEN-RUL-002","Naming Convention","ALL","Valid Identifier Characters","All names must be lowercase, contain only letters, numbers, and underscores, and must not start with a digit.","'order_date', 'address_line_1', 'rate_v2' are valid. 'Order_Date', '3rd_party_id', 'customer-name' are invalid."
"GEN-RUL-003","Naming Convention","ALL","Industry Jargon Usage","Use industry jargon only when universally recognized. Otherwise prefer the full term.","In telecom: 'msisdn', 'imei', 'arpu' are acceptable. But 'cust_nm' for 'customer_name' is not acceptable."
"GEN-RUL-004","Naming Convention","ALL","Digit-Start Names","Names starting with a digit get an underscore prefix automatically.","'3pl' becomes '_3pl'."
"GEN-RUL-005","Sample Data","ALL","Exact Record Count","Generate EXACTLY the configured number of records per table. No more, no fewer.","If configured for 10 records, every table gets exactly 10 rows."
"GEN-RUL-006","Sample Data","ALL","No Lorem Ipsum","Data MUST be realistic and business-appropriate. NO Lorem Ipsum or placeholder text.","Use realistic names, addresses, amounts. NOT 'John Doe', 'Test Company'."
"DOM-RUL-001","Domain & Division","Divisions","Division Balance Rule","Operations + Business divisions must comprise >=80% of all domains. Corporate division capped at <=20%.","In a 10-domain model: at least 8 must be Operations or Business. Maximum 2 Corporate."
"DOM-RUL-002","Naming Convention","Domains","Single-Word Domains","Domain names must be exactly one word, lowercase, SQL-compliant, no underscores, and no longer than 20 characters.","'customer', 'sales', 'logistics', 'risk' are valid. 'customer_service' is invalid (two words). 'telecommunications_infrastructure' exceeds 20 chars."
"DOM-RUL-003","Domain & Division","Divisions","No Early Corporate","Cannot add Corporate division domains until Operations has >=2 domains AND Business has >=2 domains.","Must have 'production' + 'logistics' (Ops) and 'customer' + 'sales' (Bus) before adding 'hr' or 'finance'."
"DOM-RUL-004","Naming Convention","Domains","Singular Domain Names","Domain names must be singular, never plural. Exception: naturally singular terms ending in 's' like logistics, sales, or operations.","'customer' not 'customers', 'product' not 'products'. Exception: 'logistics' and 'sales' are valid."
"DOM-RUL-005","Domain & Division","Divisions","Interleaved Filling","Alternate Operations and Business domains when filling the model to maintain balance.","Generate order: 1 ops -> 1 bus -> 1 ops -> 1 bus -> then corporate if room."
"DOM-RUL-006","Domain & Division","Domains","Forbidden Domain Types","analytics, reporting, insights, intelligence, bi, datawarehouse, data, system, integration, api, etl, logging are forbidden. This includes analytics-specific names: analytics, reporting, intelligence, insights, metrics, kpi, dashboard, bi, datawarehouse — these belong in the Gold layer, not the Silver data model.","Silver layer models must NOT have analytics/reporting domains - those belong in Gold layer."
"DOM-RUL-007","Domain & Division","Domains","Forbidden Generic Names","Forbidden: utilities, infrastructure, services, support, platform, shared (reserved), common, core, base, general, misc, other, admin, auxiliary.","'shared' is reserved for SSOT consolidation. 'admin' is too vague - use 'hr' or 'finance' instead."
"DOM-RUL-008","Domain & Division","Domains","No Domain Fragmentation","Domain pairs with 30%+ overlapping products must be merged. Forbidden pairs: network+assurance, customer+client, billing+revenue.","'customer' and 'client' domains -> merge into one. 'billing' and 'revenue' -> merge into one."
"DOM-RUL-009","Domain & Division","Domains","Org Chart Test","For every domain: 'Would I find a department named this at the company headquarters?' If NO -> rename. Test: 'Would a recruiter post jobs in the [domain_name] department?'","'party' might fail the org chart test for a small company. 'customer_service' would pass."
"DOM-RUL-010","Domain & Division","Domains","Domain Fit Default KEEP","DEFAULT for every product is KEEP in its current domain. Relocate only on OBVIOUS misplacement with >95% confidence.","90-95% of products in any domain review should be KEEP. Relocation is exceptional."
"DOM-RUL-011","Domain & Division","Domains","Cross-Division Relocation Forbidden","A product can ONLY be relocated within the SAME division. Cross-division relocation is ABSOLUTELY FORBIDDEN.","Cannot move 'employee' from Corporate/HR to Operations/production."
"DOM-RUL-012","Domain & Division","Domains","Eponymous Entity Rule","Entities named after their domain must NEVER be moved between domains.","'billing.invoice' cannot be moved to 'finance' domain - invoice is eponymous to billing."
"DOM-RUL-013","Domain & Division","Domains","Child Follows Parent","Child tables must stay with their parent table's domain.","'order_line_item' must stay in same domain as 'order'. Cannot move child without parent."
"DOM-RUL-014","Domain & Division","Domains","Domain Hard Ceiling","Domain count hard ceiling = max_domains x 1.5. Exceeding this is a hard rejection.","If tier says max 18 domains, hard ceiling is 27. Beyond 27 -> rejected and retried."
"DOM-RUL-015","Domain","Domains","Real Business Functions Only","Domain names must represent real business functions. Generic catch-all names are forbidden.","Instead of 'utilities', use 'powergeneration'. Instead of 'infrastructure', use 'networkoperations'. Instead of 'services', use 'fieldservice'."
"DOM-RUL-016","Semantic Deduplication","Domains","Unique Domain Names","No two domains may have the same name.","Cannot have two 'finance' domains. If one handles accounting and the other investment, use distinct names like 'accounting' and 'investment'."
"DOM-RUL-017","Domain & Division","Domains","Merge High-Overlap Domains","If two proposed domains would share 30%+ of the same tables, they should be merged.","'customer' and 'subscriber' sharing 4/6 tables (67%) -> must merge. Ask: 'Would a consumer be confused about which domain owns this concept?'"
"DOM-RUL-018","Domain & Division","Domains","No Shared Domain Initially","Do not create a 'shared' domain during initial model design. Let the consolidation phase handle it.","Place 'party' in 'customer' domain initially. Downstream consolidation detects 60%+ overlaps and auto-merges into 'shared' with discriminator columns."
"DOM-RUL-019","Domain & Division","Domains","Merge Small Domains","Domains with fewer tables than the configured minimum may be merged into a related domain.","'warranty' domain with only 2 tables may merge into 'service'. But if user explicitly defined 'warranty' as required, it stays regardless."
"DOM-RUL-020","Subdomain","Domains","Subdomain Count Range","Min and max subdomains per domain defined by complexity tier. Never exactly 1 subdomain per domain.","tier_1: 3-6 subdomains/domain. tier_5: 2-4 subdomains/domain."
"DOM-RUL-021","Subdomain","Domains","Exactly Two Words","Each subdomain name must be EXACTLY 2 words. 1 word = rejected. 3+ words = rejected.","'customer identity' (2 words) = valid. 'identity' (1 word) = rejected."
"DOM-RUL-022","Subdomain","Domains","Min Products Per Subdomain","Every subdomain must contain at least the minimum products per subdomain defined by the tier.","A subdomain with only 1 product -> redistribute across fewer subdomains."
"DOM-RUL-023","Relationship & Graph","Domains","Cross-Domain Connectivity","Every domain MUST connect to at least one other domain via FK. Target: >=2 cross-domain connections per domain. A completely isolated domain with no cross-domain FKs is a data silo and a modeling error.","Domain 'compliance' must have at least 2 FK connections to tables in other domains. Domain 'procurement' must reference parties, products, or other domains — never be an island."
"DOM-RUL-024","Subdomain","Domains","No Overlapping Words","No two subdomains within the same domain may share any word in their names.","'customer identity' and 'customer engagement' -> invalid. Use 'personal identity' and 'active engagement'."
"DOM-RUL-025","Subdomain","Domains","Business-Focused Names","Use business terminology, NOT technical terms for subdomain names.","'account management' = good. 'table_group_1' = bad."
"DOM-RUL-026","Subdomain","Domains","Balanced Distribution","Products should be distributed as evenly as possible across subdomains within a domain.","3 subdomains with 12 products -> aim for 4 each, not 1+1+10."
"DOM-RUL-027","Subdomain","Domains","No Placeholder Names","NEVER use: 'Sub Domain1', 'Category 1', 'Group A', 'N/A', 'Other', 'General', 'Miscellaneous'.","Every subdomain must have a meaningful business name."
"DOM-RUL-028","Quality & Validation","Domains","Strict Domain Range Limits","The number of domains must fall within the configured minimum and maximum range for the complexity tier.","For medium model: 5-10 domains. Too few (2) = too coarse. Too many (25) = fragmented with overlaps. Consolidate or split to fit range."
"DOM-RUL-029","Subdomain","Domains","No Subdomain Drift","Each subdomain belongs to exactly ONE parent domain. No cross-domain subdomains.","'customer identity' belongs to 'party' domain only. Cannot span multiple domains."
"DOM-RUL-030","Quality & Validation","Domains","No Tech Infrastructure Domains","Domain names for technical infrastructure (logging, etl, integration, audit_trail, batch_control) are forbidden.","'logging', 'etl', 'integration', 'audit_trail', 'system', 'technical', 'data', 'api' are forbidden - they are infrastructure, not business functions."
"DOM-RUL-031","Quality & Validation","Domains","Distinct Domain Descriptions","Every domain must have a description of at least 20 characters. No two domains may have >70% word overlap in descriptions.","'finance' with 'Handles money' (13 chars) fails. Descriptions of 'billing' and 'finance' with >70% word overlap -> one must be redefined."
"DOM-RUL-032","Quality & Validation","Domains","Minimum 3 Domains","The model must contain at least 3 domains to be considered meaningful.","A model with only 'general' (1 domain) or 'customer'+'product' (2 domains) fails. Minimum 3 forces meaningful decomposition."
"DOM-RUL-033","Quality & Validation","Domains","Remove Empty Domains","Domains that end up with zero products must be removed. User-defined required domains are protected.","After dedup, if 'logistics' has zero tables -> remove it. But if user explicitly required 'logistics', it stays even if temporarily empty."
"PRD-RUL-001","Semantic Deduplication","Products","First-Class Entity Test","Every product must pass 5 tests: (1) own identity, (2) own lifecycle, (3) 5+ unique business attributes, (4) natural domain owner, (5) semantic uniqueness.","A 'status_code' table with only id+name+code fails the richness test -> embed as attribute or enum on parent table."
"PRD-RUL-002","Semantic Deduplication","Products","SSOT Violation Detection","Same-name products across domains AND industry synonyms (e.g., customer/client, invoice/bill) are SSOT violations.","'customer.profile' and 'client.profile' are SSOT violations - same party concept, pick ONE authoritative domain."
"PRD-RUL-003","Semantic Deduplication","Products","Overlap Threshold for Merge","Products with 60%+ attribute/purpose overlap across domains trigger MERGE_TO_SHARED with discriminator column.","'customer.interaction' and 'support.interaction' with 70% overlap -> merge to 'shared.interaction' with 'interaction_source_type' discriminator."
"PRD-RUL-004","Naming Convention","Products","Product Name Length","Table names must be 1 to 3 words, lowercase, and no longer than 30 characters.","'profile' (1 word), 'rate_schedule' (2 words), 'order_line_item' (3 words). 'monthly_aggregated_customer_transaction_summary' violates both limits."
"PRD-RUL-005","Semantic Deduplication","Products","Overlap Threshold for Remove","Intra-domain duplicates or products with 90%+ overlap where one is clearly redundant -> REMOVE.","Two 'account' tables in the same domain with 95% overlap -> remove the less complete one."
"PRD-RUL-006","Naming Convention","Products","No Domain Prefix on Products","Table names MUST NOT repeat the domain name as a prefix. In domain 'customer', the table should be 'account', NOT 'customer_account'.","In 'network' domain: 'element' not 'network_element', 'alarm' not 'network_alarm'. The path 'network.element' is already clear."
"PRD-RUL-007","Semantic Deduplication","Products","Different Entity Types Protected","Master data vs transactional data = NEVER duplicates. Different lifecycle stages = NOT duplicates. Parent vs child = NOT duplicates.","'billing.usage_record' vs 'billing.rated_usage' are different lifecycle stages -> KEEP BOTH."
"PRD-RUL-008","Semantic Deduplication","Products","Generic vs Specific Scope Guard","If one product is GENERIC (shared.party) and another is DOMAIN-SPECIFIC (customer.profile), they are NOT duplicates.","'shared.party' is cross-domain; 'customer.profile' is domain-specific. DO NOT flag as duplicates."
"PRD-RUL-009","Semantic Deduplication","Products","Domain Merge Threshold","If 5+ products have same/similar names across two domains -> flag as IDENTICAL_DOMAIN_PAIR for potential domain merge.","Domains 'customer' and 'client' each having account, profile, contact, address, preference -> merge domains."
"PRD-RUL-010","Semantic Deduplication","Products","Merge Over Delete","For cross-domain overlaps >=60% prefer MERGE_TO_SHARED with discriminator column rather than REMOVE.","Cross-domain: use MERGE_TO_SHARED. Intra-domain: REMOVE is acceptable for true duplicates."
"PRD-RUL-011","Data Type","Products","Table Classifications","Every table must be classified: master_data, reference_data, transactional_data, or association_data.","'customer' = master_data. 'country' = reference_data. 'order' = transactional_data. 'enrollment' = association_data."
"PRD-RUL-012","Semantic Deduplication","Products","Mutual Exclusivity","A product cannot be both 'product_to_keep' in one pair AND 'product_to_remove' in another pair.","If 'account' is kept when deduping with 'client_account', it cannot also be marked for removal against 'billing_account'."
"PRD-RUL-013","Semantic Deduplication","Products","FK Orphaning Check","Before removing product P, check if other products have FK references to P. Removing P would orphan those FKs.","Removing 'address' when 10 other tables have FK to address.address_id would break the model."
"PRD-RUL-014","Naming Convention","Products","Association Table Naming","Association (junction) table names must NOT repeat the domain name as a prefix. Use semantically meaningful names. Names must be semantically meaningful business terms. Generic-only names (link, mapping, junction, bridge, xref) are forbidden. If the only name you can think of is 'link' or 'mapping', the M:N relationship probably should not exist.","In 'education' domain: 'enrollment' not 'education_enrollment'. Never use generic names like 'link', 'mapping', or 'junction'. 'enrollment' not 'student_course_link'. 'assignment' not 'bridge'. 'supply_agreement' not 'relationship'."
"PRD-RUL-015","Semantic Deduplication","Products","Removal Confidence","Product removals require >90% confidence that the item truly does not belong.","Conservative bias: KEEP when in doubt. Only remove with strong justification."
"PRD-RUL-016","Naming Convention","Products","Merged Table Naming","When two duplicate tables are merged into a shared location, use the most generic, domain-agnostic name.","Merging 'customer.profile' and 'partner.contact' -> 'shared.party' (neutral). NOT 'shared.customer_profile'."
"PRD-RUL-017","Semantic Deduplication","Products","Discriminator Pattern","When merging products from different domains, add a discriminator attribute (e.g., party_type, interaction_source_type).","Merging 'customer.contact' and 'partner.contact' -> add 'contact_type' discriminator with values 'customer' and 'partner'."
"PRD-RUL-018","Domain & Division","Products","Distribute Shared Tables","Tables in 'shared' domain should be moved to their natural owner, unless cross-cutting reference data used by 3+ domains.","'shared.tariff' only used by 'billing' -> move to 'billing.tariff'. 'shared.country' referenced by 5+ domains -> stays in 'shared'."
"PRD-RUL-019","Semantic Deduplication","Products","Architect Review Limits","Max 3 new domains, max 5 products per new domain, max 10 individual product additions during model architect review.","Architect review cannot add 15 new domains - capped at 3 to prevent model bloat."
"PRD-RUL-020","Naming Convention","Products","Forbidden Product Suffixes","Products must NOT end with: _analysis, _analytics, _report, _summary, _aggregate, _dashboard, _metrics, _kpi, _score, _model, _prediction.","'fraud_detection', 'churn_prediction', 'revenue_analysis', 'performance_metrics', 'customer_360' are all forbidden."
"PRD-RUL-021","Semantic Deduplication","Products","Unique Table Names per Domain","No two tables within the same domain may have the same name.","Within 'customer', cannot have two 'profile' tables. Path 'customer.profile' must resolve unambiguously."
"PRD-RUL-022","Naming Convention","Products","Max Underscore Segments","Product names may contain at most 3 underscore-separated segments (max 4 words).","'order_line_item' (3 segments) is valid. 'monthly_aggregated_transaction_summary' (4 segments) needs simplification."
"PRD-RUL-023","Semantic Deduplication","Products","Consolidate Cross-Domain Tables","When tables with the same name exist in different domains, consolidate if attribute overlap >=70%. If <70%, keep both but rename secondary with domain prefix.","'sales.order' and 'procurement.order' sharing 75% -> consolidate. 'customer.device' and 'iot.device' sharing 30% -> keep both, rename secondary."
"PRD-RUL-024","Naming Convention","Products","Keep Names on Relocation","When a table is moved to a different domain, keep its original name. Do not rename tables during relocation.","If 'incident' is moved from 'network' to 'operations', it stays 'incident' - not 'operations_event'. The table keeps its identity; only its domain address changes."
"PRD-RUL-025","Naming Convention","Products","Conditional Domain Prefix","A domain prefix in a product name is justified ONLY when another domain already has a table with the same base name, requiring disambiguation.","If 'sales' has 'order' and 'procurement' also needs 'order', then 'sales_order' and 'purchase_order' are justified. But 'carbon.carbon_emission' is unjustified if no collision exists - rename to 'carbon.emission'."
"PRD-RUL-026","Naming Convention","Products","Logical/Physical Name Match","The physical table name must exactly match the product (logical) name in snake_case. No divergence between logical and physical names.","Logical 'rate_schedule' -> physical 'rate_schedule'. NOT 'tbl_rate_schedule', 'RATE_SCHEDULE', or 'RateSchedule'."
"PRD-RUL-027","Product Design","Products","M:N Requires 3 Indicators","M:N valid only when: (1) bidirectional reality, (2) >=2 relationship attributes, (3) business has name for relationship.","Students<->Courses with grades, start_date, status AND named 'Enrollment' -> valid M:N."
"PRD-RUL-028","Product Design","Products","M:N Strong Indicators","HIGH confidence requires >=2 of 3 strong indicators: reciprocity_confirmed, relationship_data_confirmed, semantic_name_found.","All three indicators true -> HIGH confidence. Only 1 true -> auto-rejected."
"PRD-RUL-029","Product Design","Products","Association Ratio Limits","ECM: max 15% association tables. MVM: max 5%. Hard-cap enforced.","100 tables ECM -> max 15 associations. 50 tables MVM -> max 2-3 associations."
"PRD-RUL-030","Product Design","Products","MVM No Cross-Domain M:N","Cross-domain M:N is FORBIDDEN in MVMs. Only in-domain M:N with >=3 relationship attributes.","MVM can have 'education.enrollment' (in-domain) but NOT cross-domain junction tables."
"PRD-RUL-031","Product Design","Products","Core Products 1-3 Per Domain","Select 1-3 CORE products per domain maximum. Core = fundamental to operations, cannot be merged, domain anchor.","'customer', 'order', 'product' are core. 'notification', 'preference' are not core."
"PRD-RUL-032","Product Design","Products","Tiered Entity Selection","Tier 1 (CORE-must include): master+transactional. Tier 2 (SUPPORTING-if first-class): operational+lifecycle. Tier 3 (REFERENCE-sparingly).","Fill Tier 1 first. Only go to Tier 2 if genuinely needed. Tier 3 only if 5+ meaningful attributes."
"PRD-RUL-033","Product Design","Products","Forbidden Products","Forbidden: fraud_detection, churn_prediction, revenue_analysis, customer_360, unified_profile. Any *_analysis, *_analytics, *_prediction.","Silver layer = operational data. Analytics products belong in Gold layer."
"PRD-RUL-034","Quality & Validation","Products","Strict Table Range Limits","The number of tables per domain must fall within the configured minimum and maximum range.","Range 5-10 per domain: domain with 1 table is too narrow (merge it). Domain with 30 tables likely needs splitting."
"PRD-RUL-035","Product Design","Products","Anti-Bloat Self-Check","5-point check: (1) Precision, (2) Domain Bleed, (3) Duplication, (4) Decomposition, (5) Coverage.","Run all 5 checks before finalizing product list for a domain."
"PRD-RUL-036","Product Design","Products","Small Table Handling","Tables with fewer than min_attributes must be evaluated: MERGE, KEEP with justification, or DROP. A table is 'small' when it has fewer than the configured minimum attributes (default 5). Small tables must be evaluated: MERGE (columns belong on parent), KEEP (valid lookup/reference table), or DROP (exact semantic duplicate).","A 'status_type' table with only 3 attributes -> likely should be merged as enum on parent. 'customer_type' with 3 cols (PK, code, label) -> KEEP (valid lookup). 'customer_phone' with 3 cols alongside customer table -> MERGE. Exact duplicate of another reference table -> DROP."
"PRD-RUL-037","Product Design","Products","Domain Boundary Discipline","Vendors->partner. Contracts->agreement/legal. Employees->workforce/hr. Financial txns->finance. Customers->customer/party.","Do not put 'employee' table in 'production' domain. It belongs in 'hr' or 'workforce'."
"PRD-RUL-038","Product Design","Products","No FK in Attribute Step","Do NOT include foreign key references during attribute generation. FKs established in separate linking step.","Generate all business attributes first. FKs added later in Cross-Domain Linking stage."
"PRD-RUL-039","Relationship & Graph","Products","Lookup Tables Not Siloed","Lookup tables that only have incoming FKs are NOT considered siloed. They are valid reference tables.","'country' table with no outgoing FKs but many incoming refs is NOT siloed - it is a valid reference/leaf node."
"PRD-RUL-040","Product Design","Products","Silver Layer Only","Attributes target Silver Layer: operational/transactional data only. No analytics, no Gold layer content.","Include raw operational fields. Exclude calculated KPIs, aggregated metrics, analytical scores."
"PRD-RUL-041","Product Design","Products","MVM Domain Selection","MVM must include: (1) Primary PARTY, (2) Primary TRANSACTIONAL, (3) Primary PRODUCT/SERVICE, (4) Essential OPERATIONAL.","MVM for telecom: party + billing + product + network (minimum 4 essential domains)."
"PRD-RUL-042","Product Design","Products","Mandatory Attributes by Type","Person master -> name, contact, status. Account -> id, type, status, dates. Transaction -> id, date, status, amount.","Every 'customer' master table must have identifying name, contact method, and status."
"PRD-RUL-043","Product Design","Products","Entity Recovery","Tracked must-have entities are automatically recovered if accidentally removed during pipeline operations.","If user specified 'billing' as required and it gets dropped during QA -> auto-recovered."
"PRD-RUL-044","Product Design","Products","M:N Reject Analytical Correlations","Analytical correlations derivable from transactional data are NOT valid M:N relationships.","'customer<->product_category' correlation is derived from order data - NOT a real M:N."
"PRD-RUL-045","Product Design","Products","Comprehensive Party Coverage","The model must provide comprehensive party/customer coverage (B2C, B2B, or mixed).","B2C needs individual profiles. B2B needs corporate accounts. Mixed must have BOTH individual and corporate entities."
"PRD-RUL-046","Quality & Validation","Products","Table Descriptions","Every table must have a description explaining its business purpose.","'subscription' should describe: 'Tracks recurring service agreements including plan details, billing frequency, and renewal terms.'"
"PRD-RUL-047","Product Design","Products","Validate Phantom Tables","A new table should only be created for unlinked FKs when at least 2 different existing tables reference the same missing concept.","Both 'order.warehouse_id' and 'shipment.warehouse_id' reference missing 'warehouse' -> create it. Single reference -> likely stale FK, don't create."
"ATT-RUL-001","Data Type","Attributes","Spark SQL Types","Use precise Spark SQL types: STRING, BIGINT, INT, DECIMAL(precision,scale), TIMESTAMP, DATE, BOOLEAN.","'price' -> DECIMAL(18,2). 'created_at' -> TIMESTAMP. 'customer_id' -> BIGINT."
"ATT-RUL-002","Data Type","Attributes","No Complex Types","Do NOT use ARRAY, STRUCT, or MAP types.","Instead of ARRAY<STRING> for tags, use a separate association table or comma-separated STRING."
"ATT-RUL-003","Data Type","Attributes","Boolean Format","Boolean representation follows widget configuration: Boolean (True/False), Int (0/1), or String (Y/N).","If 'String (Y/N)' selected: 'is_active' becomes STRING type with value_regex 'Y|N'."
"ATT-RUL-004","Naming Convention","Attributes","No Product Prefix on Attributes","Column names MUST NOT repeat the table name as a prefix, except for the primary key.","In 'account' table: 'balance' not 'account_balance', 'type' not 'account_type'. PK 'account_id' is the only exception."
"ATT-RUL-005","Data Type","Attributes","Invalid Type Auto-Fix","Invalid attribute types are auto-fixed to STRING.","Type 'VARCHAR(255)' -> auto-corrected to 'STRING'. Type 'INTEGER' -> auto-corrected to 'INT'."
"ATT-RUL-006","Naming Convention","Attributes","PK Naming Pattern","Primary key names follow the pattern: table_name + suffix (default: _id).","'customer' table has 'customer_id', 'order' table has 'order_id', 'profile' table has 'profile_id'."
"ATT-RUL-007","Naming Convention","Attributes","FK Column Suffix Rule","Foreign key column names must END WITH the target table's primary key name. Descriptive prefixes are allowed.","'billing_address_id' ends with 'address_id' -> links to address. 'driver_employee_id' ends with 'employee_id' -> links to employee."
"ATT-RUL-008","Naming Convention","Attributes","Column Name Max Length","Column names must not exceed 50 characters.","'temperature_ramp_rate_c_per_min' (30 chars) is valid. 'average_monthly_customer_transaction_amount_in_local_currency_usd' (65 chars) must be shortened."
"ATT-RUL-009","Data Type","Attributes","Consistent Booleans","Boolean representation must be consistent across the model. Choose one format and apply everywhere.","If using BOOLEAN with true/false, every boolean column must use true/false. Don't mix Y/N and 1/0 across tables."
"ATT-RUL-010","Data Type","Attributes","Infer Types by Name","When no type is specified, infer from attribute name pattern.","*_id -> BIGINT. *_date -> DATE. *_at/*_timestamp -> TIMESTAMP. *_amount -> DECIMAL(18,2). *_count -> INT. is_*/*_flag -> BOOLEAN."
"ATT-RUL-011","Data Type","Attributes","Categorical Values via Regex","Categorical attributes must define allowed values using pipe-separated format in value_regex.","'order_status' value_regex: 'pending|confirmed|shipped|delivered|cancelled'. 'priority_level': 'low|medium|high|critical'."
"ATT-RUL-012","Naming Convention","Attributes","Semantic Attribute Names","Column names must be clear, semantic, and human-readable. Prioritize clarity over brevity.","Use 'mean_time_between_failures' instead of 'mtbf'. Use 'energy_consumption_mwh' instead of 'ec'."
"ATT-RUL-013","Semantic Deduplication","Attributes","Attribute Dedup Confidence","Only flag attribute duplicates when >80% confident they represent the SAME business concept. False positives worse than false negatives.","'creation_date' vs 'created_at' -> 90% confident = FLAG. 'start_date' vs 'end_date' -> different concepts = DO NOT FLAG."
"ATT-RUL-014","Naming Convention","Attributes","Preserve Unit Qualifiers","Preserve important qualifiers in column names: units (kg, mwh, percent), rates (per_min, per_hour), and standard terms.","Use 'temperature_ramp_rate_c_per_min' not 'temperature_rate'. Use 'energy_consumption_mwh' not 'energy_consumption'."
"ATT-RUL-015","Semantic Deduplication","Attributes","No Name Invention in Merge","When merging product attributes, NEVER introduce new attribute names - only choose among existing attributes.","When merging two products, pick the best attribute name from either source. Do not invent a third option."
"ATT-RUL-016","Semantic Deduplication","Attributes","High-Confidence Column Dedup","When checking for duplicate columns within a table, only flag them with 80% or higher confidence.","'termination_date' vs 'end_date' at 90% confidence -> FLAG. 'start_date' vs 'effective_date' at 60% confidence -> DO NOT FLAG."
"ATT-RUL-017","Naming Convention","Attributes","Unique Attribute Names","Each attribute name must be unique within the product. No two columns within the same table may have the same name. Duplicates are auto-deduplicated.","Two columns named 'status' in the same table -> one must be renamed. Disambiguate: 'fulfillment_status' and 'payment_status'. Path 'table.column' must resolve unambiguously."
"ATT-RUL-018","Semantic Deduplication","Attributes","Protect Key Attributes","PK and FK attributes are protected from removal during attribute deduplication. They must never be flagged as duplicates.","If 'customer_id' (FK) and 'client_id' (business attr) look similar, only 'client_id' can be considered for dedup - the FK is protected."
"ATT-RUL-019","Tag & Classification","Attributes","Classification in Tags Only","Data classification levels go in TAGS only, NOT in attribute names or descriptions. Consequently, attribute names must NEVER include classification prefixes like 'restricted_', 'confidential_', etc.","Tag: 'restricted,pii_email'. NOT attribute name: 'restricted_email'. Use 'email_address' with tag 'restricted,pii_email'. NOT 'restricted_email_address'."
"ATT-RUL-020","Tag & Classification","Attributes","PII Tag Requirements","MUST include specific PII tags: pii_email, pii_phone, pii_identifier, pii_address, pii_financial, pii_health, pii_biometric, pii_name, pii_dob, pii_national_id, pii_passport, pii_ip, pii_device.","'email_address' -> tag: 'restricted,pii_email'. 'social_security_number' -> tag: 'restricted,pii_national_id'."
"ATT-RUL-021","Tag & Classification","Attributes","No Structural Tags","DO NOT include primary_key or foreign_key tags - these are structural, not classification.","PK/FK status is tracked by position and foreign_key_to field, not by tags."
"ATT-RUL-022","Tag & Classification","Attributes","Sensitive Data is RESTRICTED","PII (Personally Identifiable Information), PHI (Protected Health Information), and PCI (Payment Card Industry data) MUST ALL be tagged as 'restricted' with a specific PII/sensitivity tag. This is non-negotiable for regulatory compliance (GDPR, HIPAA, PCI-DSS).","PII: name -> 'restricted,pii_name', email -> 'restricted,pii_email', phone -> 'restricted,pii_phone', SSN -> 'restricted,pii_national_id'. PHI: diagnosis -> 'restricted,pii_health'. PCI: credit card -> 'restricted,pii_financial'."
"ATT-RUL-023","Tag & Classification","Attributes","CONFIDENTIAL for Non-PII","Use 'confidential' only for sensitive business data that is NOT PII/PHI/PCI.","Salary ranges, internal pricing, trade secrets -> 'confidential'. NOT for personal data."
"ATT-RUL-024","Tag & Classification","Attributes","Empty Tags for Regular Data","For regular operational data (status fields, codes, non-sensitive identifiers), leave tags EMPTY.","'order_status', 'product_category_code', 'warehouse_id' -> tags should be empty."
"ATT-RUL-025","Tag & Classification","Attributes","Custom User Tags","If user vibes request custom tags (key=value), MUST add to EVERY applicable attribute. User tags always take priority.","User says 'tag all customer columns with source=crm' -> add 'source=crm' to all customer attributes."
"ATT-RUL-026","Quality & Validation","Attributes","Strict Column Range Limits","The number of columns per table must fall within the configured minimum and maximum range.","Range 10-25: customer with 2 columns is incomplete. Customer with 150 columns is a denormalized mega-table needing split."
"ATT-RUL-027","Tag & Classification","Attributes","No Reserved Characters in Tags","Individual tag values must not contain reserved characters. Use underscores instead.","'pii_email' valid. 'pii-email' invalid (hyphen). 'pii.email' invalid (dot). 'data=sensitive' invalid (equals)."
"ATT-RUL-028","Quality & Validation","Attributes","Column Descriptions","Every column must have a description explaining what business data it captures.","'status' with no description is ambiguous. 'The current lifecycle state of the claim (open, under_review, approved, denied, closed)' is unambiguous."
"ATT-RUL-029","Product Design","Attributes","Strict Column Ordering","Columns must follow strict ordering: PK, FKs, business attributes, housekeeping, history-tracking. Housekeeping columns (is_deleted, is_active, created_by, updated_by) come after business attributes. History-tracking columns (effective_from, effective_to, is_current, version_number) come last, after housekeeping.","order_id (PK), customer_id (FK), order_date, total_amount (business), is_deleted, created_by (housekeeping), effective_from, is_current (history). Full order: order_id (PK), customer_id (FK), order_date, total_amount (business), is_deleted, created_by (housekeeping), effective_from, is_current (history-tracking)."
"ATT-RUL-030","Product Design","Attributes","Junction Table Audit Columns","Association tables with only FK columns must include minimum audit columns: created_at and created_by.","'enrollment' with only enrollment_id, student_id, course_id must also include created_at and created_by."
"ATT-RUL-031","Product Design","Attributes","Resolve Semantic Synonyms","Attribute semantic synonyms must be resolved to one canonical name per table.","Both 'end_date' and 'expiry_date' meaning same thing -> keep ONE. 'created_at' and 'creation_date' -> keep the more precise one."
"ATT-RUL-032","Normalization","Attributes","Denormalized Attribute Detection","An attribute is denormalized only when it stores data belonging to a DIFFERENT entity accessible via FK join. >95% confidence required.","'customer_name' on 'order' table is denormalized IF order already has FK to customer."
"ATT-RUL-033","Sample Data","Attributes","PK Sequential","BIGINT PKs must be sequential starting from 10001, NEVER NULL. STRING PKs must be valid UUIDs.","PK values: 10001, 10002, 10003, ..., 10010 for 10 records."
"ATT-RUL-034","Normalization","Attributes","Self-Attribute Exemption","If a table's own attribute has a prefix matching the table's own name, it is NOT denormalized.","'customer.customer_name' is NOT denormalized - it describes the customer entity itself."
"ATT-RUL-035","Sample Data","Attributes","FK Random Range","BIGINT FKs must be random values from [10001, 10001 + records - 1]. STRING FKs use UUIDs.","FK values randomly selected from {10001, 10002, ..., 10010} for 10-record tables."
"ATT-RUL-036","Normalization","Attributes","Measurement Exemption","Physical measurements, quantities, or properties (depth, weight, volume) owned by the entity are NEVER denormalized.","'warehouse.latitude' and 'warehouse.longitude' describe the warehouse's physical location - NOT denormalized."
"ATT-RUL-037","Sample Data","Attributes","PK/FK Exclusivity","A column should NEVER be both a primary key AND a foreign key simultaneously.","'customer_id' is either PK (in customer table) or FK (in order table), never both in same table."
"ATT-RUL-038","Normalization","Attributes","Coordinates Exemption","Physical entities (warehouse, facility, store, site, address) legitimately own their own lat/long coordinates.","'store.latitude' is NOT denormalized. The store IS at those coordinates."
"ATT-RUL-039","Sample Data","Attributes","Regex Compliance","All values MUST comply with value_regex patterns defined on the attribute.","If value_regex is '^[A-Z]{3}$', all values must be 3 uppercase letters."
"ATT-RUL-040","Normalization","Attributes","Point-in-Time Snapshot Exemption","Transactional/event records that snapshot data at time of event for audit/compliance purposes are NOT denormalized.","'invoice.customer_address_at_billing' is a legitimate point-in-time snapshot for legal/audit purposes."
"ATT-RUL-041","Sample Data","Attributes","Geographic Codes","Country codes MUST be 3-letter uppercase ISO format. No regional names (EU, LATAM).","Use 'USA', 'GBR', 'DEU'. NOT 'United States', 'EU', 'EMEA'."
"ATT-RUL-042","Normalization","Attributes","Audit Trail Exemption","Audit trail records MUST snapshot user information. Treating this as denormalized is a false positive.","'audit_log.user_name' must be snapshotted - the user record could change later."
"ATT-RUL-043","Normalization","Attributes","Exact Match Only","Only flag denormalization when the prefix EXACTLY matches a table name. No synonym guessing.","'billing_amount' on 'order' is only flagged if a table literally named 'billing' exists with 'amount' attribute."
"ATT-RUL-044","Normalization","Attributes","Conservative Bias","When in doubt, DO NOT remove an attribute. False removals destroy data. Only flag with >95% confidence.","If unsure whether 'region_name' is denormalized from 'region' table -> KEEP IT."
"ATT-RUL-045","Normalization","Attributes","No Calculated Metrics","Do NOT include pre-calculated KPIs, aggregates, or metrics. These are derived in the Gold layer.","Remove: 'customer.total_lifetime_value', 'account.average_monthly_balance'. These are analytics."
"ATT-RUL-046","Normalization","Attributes","No Speculative Columns","Only include attributes for CURRENTLY implemented capabilities. No futuristic/emerging tech columns.","Remove: 'blockchain_hash', 'digital_twin_id', 'ai_prediction_score', 'metaverse_avatar_id'."
"ATT-RUL-047","Normalization","Attributes","3NF Enforcement","Full Third Normal Form: no partial dependencies and no transitive dependencies.","'order' should not have 'customer_name' if it already has FK to customer - that's a transitive dependency."
"ATT-RUL-048","Primary Key","Attributes","Every Product Has PK","Every product must have exactly one primary key attribute. Auto-inserted if missing.","If a product is created without a PK, '{product_name}_id' with type BIGINT is auto-inserted."
"ATT-RUL-049","Primary Key","Attributes","PK Naming Convention","PK column = {product_name}_{suffix} (default suffix: _id).","'customer' table -> 'customer_id'. 'order_line_item' table -> 'order_line_item_id'."
"ATT-RUL-050","Primary Key","Attributes","PK Data Type","Primary keys MUST use the configured table_id_type (default: BIGINT).","PK type auto-corrected to BIGINT if set to STRING or other non-configured type."
"ATT-RUL-051","Primary Key","Attributes","PK First Attribute","PK must be the first attribute listed in the product's attribute list.","Attribute list: [customer_id, first_name, last_name, email, ...] - PK is always position 0."
"ATT-RUL-052","Primary Key","Attributes","PK Exempt from Prefix Strip","PK attributes (e.g., customer_id) are EXEMPT from the 'no product prefix' naming rule.","'customer_id' on the 'customer' table keeps its prefix because it must be recognizable as FK in other tables."
"ATT-RUL-053","Primary Key","Attributes","Association PK Naming","Association product PK = {association_name}_{primary_key_suffix}.","Junction table 'enrollment' gets PK 'enrollment_id', not 'student_course_id'."
"ATT-RUL-054","Primary Key","Attributes","PK Not in Orphaned FK List","A table's own PK must NEVER be included in the orphaned FK list during normalization checks.","'customer_id' is the PK of 'customer' table - it is NOT an orphaned FK."
"ATT-RUL-055","Primary Key","Attributes","PK Detection Patterns","PK detection: ends with _id, _key, _code, _num, or equals 'id'. Name constructed by stripping domain prefix.","'order_id', 'customer_key', 'product_code' all recognized as potential PKs."
"ATT-RUL-056","Primary Key","Attributes","Junction Table PKs","Association (junction) tables follow the same PK naming: association_table_name + _id.","'enrollment' gets 'enrollment_id'. 'assignment' gets 'assignment_id'. Not a composite of related table names."
"ATT-RUL-057","Primary Key","Attributes","Validate PK Names","A PK name is invalid if: empty, bare suffix alone, starts with underscore, equals 'id', or does not end with suffix.","For 'customer': 'customer_id' valid. '_customer_id' invalid. 'id' invalid. '_id' invalid. 'customer_code' invalid (wrong suffix)."
"REL-RUL-001","Foreign Key","Relations","FK Target Must Exist","FK must reference a product that exists in the model. Broken FK references are auto-resolved.","FK to 'customer.account.account_id' -> 'account' must exist in 'customer' domain."
"REL-RUL-002","Foreign Key","Relations","No Bidirectional FKs","NEVER create FK relationships in BOTH directions between the same tables (A->B and B->A is forbidden).","If 'order' has FK to 'customer', then 'customer' MUST NOT have FK back to 'order'."
"REL-RUL-003","Data Type","Relations","FK Type Compatibility","FK source and target column data types must be compatible. Numeric FK must reference numeric PK. String FK must reference string PK. Cross-type references (STRING FK to BIGINT PK) are invalid.","BIGINT FK -> BIGINT PK: valid. INT FK -> BIGINT PK: valid (compatible numeric). STRING FK -> BIGINT PK: invalid (cross-type). STRING FK -> STRING PK: valid."
"REL-RUL-004","Foreign Key","Relations","FK Column Must Exist","FK attribute must exist in the source product before linking.","Cannot create a link from 'order.customer_id' if 'customer_id' column doesn't exist in 'order'."
"REL-RUL-005","Foreign Key","Relations","FK Must Reference PK","FK must reference the primary key of the target product.","FK must point to 'customer.customer_id' (PK), not to 'customer.email' (non-PK)."
"REL-RUL-006","Foreign Key","Relations","System ID Exemption","External/system identifier columns are NOT FK columns. Patterns: *_reference, *_ref, *_code, *_number, *_hash, *_token.","'external_reference_id', 'legacy_system_code', 'batch_run_id' are system identifiers, not FKs."
"REL-RUL-007","Foreign Key","Relations","FK Ambiguity Resolution","Ambiguous FKs (same name, multiple candidate targets) require LLM semantic resolution. 3-pass batch resolution.","'location_id' could link to 'geography.location' or 'warehouse.location'. LLM resolves based on business context."
"REL-RUL-008","Foreign Key","Relations","Broken FK and Reference Resolution","FKs referencing non-existent columns/products must be resolved: LINK, CREATE, DROP, or KEEP_AS_IS. Additionally, attributes that reference non-existent products must be removed from the model — if a domain or product was deleted, all FK references to it become orphaned and must be cleaned up.","FK to 'deleted_domain.product.pk' must be resolved - either redirect or remove. If 'billing' domain was removed but an attribute still references 'billing.invoice', that attribute is orphaned and must be removed."
"REL-RUL-009","Foreign Key","Relations","Self-Referencing FK Rules","Self-referencing FKs (source_product == target_product) are ONLY allowed with a contextually meaningful label prefix. The FK column name must NEVER be the same as the table PK. If you cannot articulate a clear business reason for the self-reference, do NOT create it.","VALID: employee.manager_employee_id -> employee.employee_id (hierarchy). category.parent_category_id -> category.category_id (tree). transaction.reversed_transaction_id -> transaction.transaction_id (reversal). INVALID: employee.employee_id -> employee.employee_id (PK = FK name, always wrong)."
"REL-RUL-010","Foreign Key","Relations","Potential and Orphaned FK Detection","Columns ending with PK suffix (_id, _key, _pk) are potential FK candidates unless exempted as system identifiers. Any such column without a foreign_key_to value is an orphaned FK candidate that should be linked to its target table if one exists.","'warehouse_id' ending in '_id' with empty foreign_key_to -> orphaned FK. If 'warehouse' table exists, link it. If not, evaluate: is it a system identifier (_ref, _code) or does a target table need to be created?"
"REL-RUL-011","Foreign Key","Relations","FK Column Rename","FK columns that don't end with the target PK name must be renamed. 4 strategies available.","'store_ref' linking to 'location.location_id' -> rename to 'store_location_id'."
"REL-RUL-012","Foreign Key","Relations","Parent-Child FK Protected","Parent-child FKs (child->parent direction) must NEVER be broken during cycle resolution. These are the structural backbone of the model. This protection applies during cycle resolution, model optimization, and any restructuring operation.","'order_line.order_id -> order.order_id' is parent-child and protected. Break computed references first. purchase_order_line.purchase_order_id linking to purchase_order is sacred and must never be removed."
"REL-RUL-013","Foreign Key","Relations","Multiple FKs to Same Target — Labeling Required","When a table has more than one FK pointing to the SAME target table, each FK column MUST have a distinct, contextually meaningful label prefix describing the business role. Two columns with the same name pointing to the same target is INVALID. Label prefixes must reflect actual business meaning — generic labels like fk1_, fk2_, ref_a_ are forbidden. During quality checks, multiple FK columns to the same target without distinct labels are flagged as anomalies.","VALID: shipment.origin_warehouse_id and shipment.destination_warehouse_id both -> warehouse.warehouse_id. contract.billing_address_id and contract.shipping_address_id both -> address.address_id. INVALID: two columns both named warehouse_id pointing to the same target. VALID: billing_ (billing role), shipping_ (shipping role), origin_ (source), destination_ (target). INVALID: fk1_, fk2_, ref_a_, link_1_."
"REL-RUL-014","Foreign Key","Relations","Duplicate FK Detection and Removal","If a table has two or more FK columns pointing to the same target table without a clear business reason, keep only one. Detection: two or more FK columns on the SAME table pointing to the SAME target table. Resolution: if no clear distinct business roles, keep only one. If distinct roles exist (billing vs shipping), keep both with proper label prefixes.","'customer_id' and 'client_id' both pointing to 'customer' with no distinct roles -> duplicate, keep one. 'billing_address_id' and 'shipping_address_id' both to 'address' -> keep both (different roles)."
"REL-RUL-015","Foreign Key","Relations","Fully Qualified FKs","FK reference values must use the fully qualified path format: domain.product.column.","'customer.profile.profile_id' is properly formatted. 'profile.profile_id' without domain is ambiguous. 'profile_id' alone is unresolvable."
"REL-RUL-016","Foreign Key","Relations","No Placeholder FKs","FK reference values containing placeholder or garbage text are invalid and must be cleared.","foreign_key_to = 'unknown.table.column_id' is invalid -> clear it. 'none', '<pending_resolution>', 'tbd' are all invalid."
"REL-RUL-017","Relationship & Graph","Relations","FK Graph as DAG","The FK graph must be a Directed Acyclic Graph (DAG). Cycles detected via DFS and auto-broken. Detected via Python DFS. Up to 5 rounds of detection and breaking to resolve all cycles including residual ones.","No path A->B->C->...->A is allowed. Agent runs up to 5 rounds of cycle detection and breaking."
"REL-RUL-018","Relationship & Graph","Relations","Hierarchical Self-Reference Prefix List","Self-referencing FKs are exempt from cycle/bidirectional detection ONLY when the FK column name starts with one of these recognized prefixes: parent_, manager_, reporting_, supervisor_, alternate_, original_, superseded_, duplicate_, follow_up_, ultimate_parent_, base_, amended_, reversal_, source_, target_, previous_, next_, replacement_, related_, primary_, secondary_, default_, upstream_, downstream_, child_, sibling_, ancestor_, successor_, predecessor_, preferred_, backup_, master_, derived_, copy_of_, from_, to_, old_, new_, current_, prior_, overflow_, escalation_, fallback_, redirect_, transfer_, forward_, return_, origin_.","employee.manager_employee_id -> employee.employee_id (manager_ prefix, valid hierarchy). category.parent_category_id -> category.category_id (parent_ prefix, valid tree). transaction.reversal_transaction_id -> transaction.transaction_id (reversal_ prefix, valid chain). employee.employee_id -> employee.employee_id (NO prefix, INVALID)."
"REL-RUL-019","Relationship & Graph","Relations","Zero Siloed Tables","A siloed table (no incoming AND no outgoing FKs) is STRICTLY PROHIBITED.","'compliance.lawful_intercept_request' with no FKs -> must be connected to at least one other table."
"REL-RUL-020","Relationship & Graph","Relations","Computed Reference Break First","Computed/derived FK references broken FIRST in cycle resolution: latest_*, current_*, primary_*, active_*, default_*, first_*, last_*, preferred_*.","In a cycle, 'latest_invoice_id' is broken before 'billing_account_id'."
"REL-RUL-021","Relationship & Graph","Relations","Minimize Cycle Breaks","Many cycles share common edges. Breaking ONE edge can break 5-10+ cycles. Minimize unique breaks.","Analyze all cycles together and find shared edges for strategic breaks."
"REL-RUL-022","Relationship & Graph","Relations","Cycle Break Edge Verification","Before breaking an edge, verify it actually exists in the cycle.","Must confirm 'invoice->billing_account' edge exists before deciding to break it."
"REL-RUL-023","Relationship & Graph","Relations","No Silo From Cycle Break","A cycle break must NOT create a siloed table or siloed domain.","Breaking an edge that would leave a table with zero connections -> choose a different edge."
"REL-RUL-024","Relationship & Graph","Relations","Business Semantics Before Breaking","Before breaking any cycle, analyze business semantics and cardinality. Child->Parent FK is always KEEP.","Understand: 'invoice belongs to billing_account' -> keep invoice->billing_account direction."
"REL-RUL-025","Relationship & Graph","Relations","FK Anomaly Types","Three FK anomaly types: (1) Missing Link, (2) Mismatched Link, (3) Cyclic Link.","Each anomaly type has specific resolution strategies."
"REL-RUL-026","Normalization","Relations","Domain-Level FK Resolution","FK columns often use DOMAIN NAMES as prefixes. Must resolve to domain's primary entity.","'store_id' may resolve to 'location.store.store_id' - the domain is 'location', primary product is 'store'."
"SDT-RUL-001","Semantic Distinction","Attributes","Method vs Channel","payment_method (instrument: card, cash, check) vs payment_channel (interface: online, in-store, phone) - NOT duplicates.","Both serve different business questions: 'How did they pay?' vs 'Where did they pay?'"
"SDT-RUL-002","Semantic Distinction","Attributes","ID vs Name","customer_id (system identifier) vs customer_name (display label) - NOT duplicates.","One is for joins and lookups, the other for display. Always keep both."
"SDT-RUL-003","Semantic Distinction","Attributes","Target vs Actual","sla_target_time vs sla_actual_time - NOT duplicates. Different measurement semantics.","Target is the contracted goal; actual is the measured reality. Both needed for SLA compliance."
"SDT-RUL-004","Semantic Distinction","Attributes","Lifecycle Timestamps","created_at, modified_at, approved_at, completed_at - NOT duplicates. Each is a distinct lifecycle event.","Each timestamp captures a different business event in the entity's lifecycle."
"SDT-RUL-005","Semantic Distinction","Attributes","Different Granularity","scheduled_date (DATE) vs scheduled_start_time (TIMESTAMP) - NOT duplicates if different precision needed.","Date for calendar planning, timestamp for precise scheduling."
"REL-RUL-027","Foreign Key","Relations","Self-Ref FK Column Naming","A self-referencing FK column MUST have a different name than the table's PK. The FK must use a contextual prefix describing the hierarchical relationship (e.g., manager_, parent_, reporting_). If the FK column name equals the PK name, the relationship is always invalid.","VALID: employee.manager_employee_id -> employee.employee_id. VALID: category.parent_category_id -> category.category_id. INVALID: employee.employee_id -> employee.employee_id (PK = FK name)."
"ATT-RUL-058","Naming Convention","Attributes","Bare Attribute Name Prohibition","Generic attribute names (status, type, name, description, date, code, category, level, priority, amount, quantity, rate, score, value, count) MUST be prefixed with business context from their parent product. A bare generic name is always a violation.","In 'order' table: 'order_status' not 'status'. In 'claim' table: 'claim_type' not 'type'. In 'facility' table: 'facility_name' not 'name'. The prefix provides disambiguation across the model."
"ATT-RUL-059","Tag & Classification","Attributes","Org Contact PII Tagging","Organizational contact data (facility addresses, office phone numbers, branch locations) MUST be tagged as 'confidential' even when not personal PII. Business contact information represents sensitive operational data that requires access control.","'facility_address' -> tag: 'confidential,pii_address'. 'office_phone_number' -> tag: 'confidential,pii_phone'. 'branch_location' -> tag: 'confidential'. NOT restricted (reserved for personal PII)."
"ATT-RUL-060","Tag & Classification","Attributes","Custom Tag Physical Persistence","Custom tags defined in user vibes MUST persist through the full pipeline to physical Unity Catalog tables via ALTER TABLE SET TAGS and ALTER TABLE ALTER COLUMN SET TAGS SQL statements. Tags must appear in both the logical model (model.json) and the physical deployment.","User vibe: 'tag all patient tables with compliance=hipaa'. Result: ALTER TABLE catalog.health.patient SET TAGS ('compliance' = 'hipaa'). Verifiable via: SELECT * FROM system.information_schema.table_tags WHERE tag_name = 'compliance'."
"GEN-RUL-007","Vibe Governance","ALL","Vibe Deviation Justification","User vibe instructions are the highest authority for model decisions. The agent MUST follow vibe instructions or explicitly justify any deviation in the model architect review. Silent non-compliance is forbidden. Justifications must reference a specific modelling rule that conflicts with the vibe.","User says 'create exactly 5 domains'. If architect review produces 4, it MUST log: 'Deviated from 5-domain vibe: domains X and Y merged per DOM-RUL-008 (30%+ overlap)'. Silent reduction from 5 to 4 without justification is a compliance failure."
